addr1;addr3;distance
Мордовия с.Старое Шайгово, ул.Ленина, 7;Мордовия, г. Саранск, ул. Советская, 109;62.0
Мордовия г.Инсар, ул.Московская, 91Б;Мордовия, г. Саранск, ул. Советская, 109;74.0
Мордовия пгт.Кадошкино, ул.Крупской, 1;Мордовия, г. Саранск, ул. Советская, 109;74.0
Мордовия с.Лямбирь, ул.Ленина, 40;Мордовия, г. Саранск, ул. Советская, 109;15.0
Мордовия с.Ельники, площадь 1 Мая, 35;Мордовия, г. Краснослободск, ул. Интернациональная, 60а;32.0
Мордовия с.Атюрьево, ул.Кирова, 4а;Мордовия, г. Краснослободск, ул. Интернациональная, 60а;36.0
Мордовия г.Темников, ул.Гражданская, 2;Мордовия, г. Краснослободск, ул. Интернациональная, 60а;62.0
Мордовия р.п.Торбеево, ул.Октябрьская, 18;Мордовия, пгт. Зубова Поляна, ул. Пролетарская, 6;40.0
Мордовия пгт.Комсомольский, Микрорайон-2, 30;Мордовия, пгт. Чамзинка, ул. Победы, 2;5.0
Мордовия с.Дубенки, ул.Центральная, 19;Мордовия, пгт. Чамзинка, ул. Победы, 2;42.0
Мордовия с.Большие Березники, ул.Толстого, 34;Мордовия, пгт. Чамзинка, ул. Победы, 2;33.0
Мордовия г.Ардатов, переулок Льва Толстого, 27а;Мордовия, пгт. Чамзинка, ул. Победы, 2;70.0
Мордовия пгт.Тургенево, ул.Молодежная, 2;Мордовия, пгт. Чамзинка, ул. Победы, 2;75.0
Мордовия р.п. Атяшево, ул.Горюнова, д.3;Мордовия, пгт. Чамзинка, ул. Победы, 2;32.0
Мордовия р.п.Явас, ул.Чернореченская, 16;Мордовия, пгт. Зубова Поляна, ул. Пролетарская, 6;45.0
Мордовия с.Кочкурово, ул.Советская, 10а;Мордовия, г. Саранск, ул. Советская, 109;28.0
Мордовия с.Теньгушево, ул.Ленина, 68;Мордовия, пгт. Зубова Поляна, ул. Пролетарская, 6;95.0
Мордовия г.Саранск, ул.Коммунистическая, 73;Мордовия, г. Саранск, ул. Советская, 109;2.0
Мордовия г.Саранск, р.п.Луховка, ул.Октябрьская, 17а;Мордовия, г. Саранск, ул. Советская, 109;9.0
"Мордовия г.Саранск, ул.Ботевградская, д. 63 ""А""";Мордовия, г. Саранск, ул. Советская, 109;1.0
Мордовия г.Саранск, ул.Веселовского, 45;Мордовия, г. Саранск, ул. Советская, 109;8.0
Мордовия г.Саранск, проспект Ленина, 23-23а;Мордовия, г. Саранск, ул. Советская, 109;3.0
Мордовия г.Саранск, ул.Пролетарская, 83;Мордовия, г. Саранск, ул. Советская, 109;2.0
Мордовия г.Саранск, ул.Сущинского, 24а;Мордовия, г. Саранск, ул. Советская, 109;7.0
Мордовия г.Саранск, ул.Воинова, 17;Мордовия, г. Саранск, ул. Советская, 109;6.0
Мордовия г.Саранск, ул.Коваленко, 59;Мордовия, г. Саранск, ул. Советская, 109;5.0
Мордовия г.Саранск, бульвар Эрьзи, 12;Мордовия, г. Саранск, ул. Советская, 109;5.0
Мордовия г.Саранск, ул.Ульянова, 97;Мордовия, г. Саранск, ул. Советская, 109;4.0
Мордовия п.Ромоданово, ул.Ленина, 165;Мордовия, г. Саранск, ул. Советская, 109;33.0
Мордовия г.Саранск, ул.Советская, 31;Мордовия, г. Саранск, ул. Советская, 109;3.0
Мордовия г.Рузаевка, ул.Ленина, 45;Мордовия, г. Саранск, ул. Советская, 109;24.0
Мордовия г.Рузаевка,бульвар Горшкова, д.12;Мордовия, г. Саранск, ул. Советская, 109;22.0
Мордовия г.Рузаевка, ул.Менделеева, 3;Мордовия, г. Саранск, ул. Советская, 109;28.0
Мордовия г.Рузаевка, ул. Ленина, 56;Мордовия, г. Саранск, ул. Советская, 109;23.0
Мордовия г.Саранск, пр-т 50 лет Октября, 1;Мордовия, г. Саранск, ул. Советская, 109;3.0
Мордовия г.Саранск, проспект 60 лет Октября, 83;Мордовия, г. Саранск, ул. Советская, 109;7.0
Мордовия с.Кемля, ул.Советская, 60А;Мордовия, г. Саранск, ул. Советская, 109;64.0
Мордовия с.Большое Игнатово, ул.Советская, 17 а;Мордовия, г. Саранск, ул. Советская, 109;107.0
Мордовия г.Саранск, ул.Косарева, 1а;Мордовия, г. Саранск, ул. Советская, 109;5.0
Мордовия г.Саранск, ул.Большевистская, 30;Мордовия, г. Саранск, ул. Советская, 109;1.0
Мордовия г.Саранск, пр.70 лет Октября, 86;Мордовия, г. Саранск, ул. Советская, 109;5.0
Мордовия г.Саранск, ул.Коммунистическая, 32;Мордовия, г. Саранск, ул. Советская, 109;2.0
Мордовия г.Краснослободск, ул.Интернациональная, 60а;Мордовия, г. Краснослободск, ул. Интернациональная, 60а;0.0
Мордовия г.Ковылкино, ул.Пролетарская, 32;Мордовия, г. Саранск, ул. Советская, 109;55.0
Мордовия р.п.Чамзинка, ул.Победы, 2;Мордовия, пгт. Чамзинка, ул. Победы, 2;0.0
Мордовия р.п.Зубова Поляна, ул.Пролетарская, 6;Мордовия, пгт. Зубова Поляна, ул. Пролетарская, 6;0.0
Мордовия с.Старая Федоровка, ул.Молодежная, 29;Мордовия, г. Саранск, ул. Советская, 109;55.0
Мордовия с.Большая Елховка, ул.Фабричная, 21;Мордовия, г. Саранск, ул. Советская, 109;18.0
"Мордовия п.Совхоз ""Коммунар"", ул.Школьная, 3";Мордовия, г. Саранск, ул. Советская, 109;21.0
Мордовия с.Старое Синдрово, ул.Ленина, 83а;Мордовия, г. Краснослободск, ул. Интернациональная, 60а;33.0
Мордовия с.Ефаево, ул.Белякова, 1а;Мордовия, г. Краснослободск, ул. Интернациональная, 60а;20.0
Мордовия с.Аксел, ул.Центральная, 13;Мордовия, г. Краснослободск, ул. Интернациональная, 60а;45.0
Мордовия с.Троицк, ул.Советская, 1;Мордовия, г. Краснослободск, ул. Интернациональная, 60а;45.0
Мордовия с.Кочелаево, ул.Школьная, 2а;Мордовия, г. Краснослободск, ул. Интернациональная, 60а;64.0
Мордовия с.Атемар, ул.Центральная, 73;Мордовия, г. Саранск, ул. Советская, 109;22.0
Мордовия с.Новотроицкое, ул.Советская, 35;Мордовия, г. Саранск, ул. Советская, 109;1.0
Мордовия с.Большое Маресево, ул.им. Е.И.Новикова, 43а;Мордовия, пгт. Чамзинка, ул. Победы, 2;15.0
Мордовия с.Сабур-Мачкасы, ул.Советская, 52;Мордовия, пгт. Чамзинка, ул. Победы, 2;12.0
Мордовия с.Большие Ремезенки, ул.Молодежная, 1в;Мордовия, пгт. Чамзинка, ул. Победы, 2;22.0
Мордовия с.Апраксино, ул.Центральная, 7;Мордовия, пгт. Чамзинка, ул. Победы, 2;14.0
Мордовия с.Мичурино, ул.Советская, 4;Мордовия, пгт. Чамзинка, ул. Победы, 2;20.0
Мордовия с.Кабаево, ул.Московская, 98;Мордовия, пгт. Чамзинка, ул. Победы, 2;57.0
Мордовия с.Поводимово, ул.Советская, 1а;Мордовия, пгт. Чамзинка, ул. Победы, 2;42.0
Мордовия с.Ардатово, ул.Колхозная, 2;Мордовия, пгт. Чамзинка, ул. Победы, 2;41.0
Мордовия с.Первомайск, ул.Жигули, 10;Мордовия, г. Саранск, ул. Советская, 109;31.0
Мордовия с.Александровка, ул.Долганова, 1;Мордовия, г. Саранск, ул. Советская, 109;14.0
Мордовия п.Сосновка, ул.Почтовая, 5;Мордовия, пгт. Зубова Поляна, ул. Пролетарская, 6;27.0
Мордовия п.Леплей, ул.Советская, 5;Мордовия, пгт. Зубова Поляна, ул. Пролетарская, 6;33.0
Мордовия п.Дубитель, ул.Центральная, 10;Мордовия, пгт. Зубова Поляна, ул. Пролетарская, 6;25.0
Мордовия с.Ширингуши, ул.Первомайская, 5;Мордовия, пгт. Зубова Поляна, ул. Пролетарская, 6;28.0
Мордовия с.Мордовская Поляна, ул.Международная, 111б;Мордовия, пгт. Зубова Поляна, ул. Пролетарская, 6;16.0
Мордовия с.Выша, ул.Коммунарная, 40;Мордовия, пгт. Зубова Поляна, ул. Пролетарская, 6;58.0
Мордовия с.Старое Бадиково, ул.Центральная, 1;Мордовия, пгт. Зубова Поляна, ул. Пролетарская, 6;34.0
Мордовия р.п.Потьма, ул.Школьная, 12;Мордовия, пгт. Зубова Поляна, ул. Пролетарская, 6;8.0
Мордовия п.Умет, ул.Почтовая, 1;Мордовия, пгт. Зубова Поляна, ул. Пролетарская, 6;12.0
Мордовия п.Ударный, ул.Центральная, 4а;Мордовия, пгт. Зубова Поляна, ул. Пролетарская, 6;36.0
Мордовия с.Мордовский Пимбур, ул.Центральная, 4;Мордовия, пгт. Зубова Поляна, ул. Пролетарская, 6;39.0
Мордовия с.Тарханская-Потьма, ул.Ленина, 113;Мордовия, пгт. Зубова Поляна, ул. Пролетарская, 6;22.0
Мордовия с.Такушево, ул.Новая, 4;Мордовия, пгт. Зубова Поляна, ул. Пролетарская, 6;95.0
Мордовия с.Теньгушево, ул. Ленина , 68;Мордовия, пгт. Зубова Поляна, ул. Пролетарская, 6;95.0
Мордовия г.Саранск, п.Ялга, ул.Мичурина, 9;Мордовия, г. Саранск, ул. Советская, 109;8.0
Мордовия с.Анненково, ул.Новая, 9;Мордовия, г. Саранск, ул. Советская, 109;27.0
Мордовия с.Мельцаны, ул.Ремесленная, 8;Мордовия, г. Саранск, ул. Советская, 109;51.0
Мордовия с.Болдово, ул.Первоболдовская, 41;Мордовия, г. Саранск, ул. Советская, 109;47.0
"Мордовия п.Совхоз ""Красное сельцо"", ул.Гагарина, 4а";Мордовия, г. Саранск, ул. Советская, 109;30.0
Мордовия с.Б.Сыреси, ул.Советская, 7а;Мордовия, г. Саранск, ул. Советская, 109;76.0
Мордовия с.Гуляево, ул.Советская, 25;Мордовия, г. Саранск, ул. Советская, 109;78.0
Мордовия с.Спасское, ул.Новая, 1;Мордовия, г. Саранск, ул. Советская, 109;125.0
Мордовия г.Саранск, пр.70 лет Октября, 86;Мордовия, г. Саранск, ул. Советская, 109;5.0
Мордовия г.Саранск, пр.70 лет Октября, 86;Мордовия, г. Саранск, ул. Советская, 109;0.0
Чувашия г.Новочебоксарск, ул.Винокурова, 20;г.Новочебоксарск, ул.10 Пятилетки, 31;4.0
Чувашия г.Новочебоксарск, ул.Ж.Крутовой, 10А;г.Новочебоксарск, ул.10 Пятилетки, 31;5.0
Чувашия г.Новочебоксарск, ул.Советская, 7;г.Новочебоксарск, ул.10 Пятилетки, 31;4.0
Чувашия г.Новочебоксарск, ул.Советская, 15;г.Новочебоксарск, ул.10 Пятилетки, 31;4.0
Чувашия г.Новочебоксарск, ул.10 Пятилетки, 31;г.Новочебоксарск, ул.10 Пятилетки, 31;0.0
Чувашия г.Новочебоксарск, ул.Строителей, 16;г.Новочебоксарск, ул.10 Пятилетки, 31;2.0
Чувашия г.Новочебоксарск, ул.10 Пятилетки, 2;г.Новочебоксарск, ул.10 Пятилетки, 31;2.0
Чувашия г.Чебоксары, ул.Энтузиастов, 23;г. Чебоксары ул. Короленко, 4б;4.0
Чувашия с.Ишлеи, ул.Базарная, 10;г.Новочебоксарск, ул.10 Пятилетки, 31;38.0
Чувашия г.Чебоксары, ул.Гузовского, 17;г. Чебоксары ул. Короленко, 4б;6.0
Чувашия г.Чебоксары, ул.Ахазова, 8;г. Чебоксары ул. Короленко, 4б;6.0
Чувашия г.Чебоксары, проспект М.Горького,д.10;г. Чебоксары ул. Короленко, 4б;6.0
Чувашия г.Чебоксары, проспект Тракторостроителей, 1/34;г. Чебоксары ул. Короленко, 4б;8.0
Чувашия г.Чебоксары, пр-т Тракторостроителей, д.71;г. Чебоксары ул. Короленко, 4б;10.0
Чувашия г.Чебоксары, ул.Университетская, 20/1;г. Чебоксары ул. Короленко, 4б;7.0
Чувашия г.Чебоксары, ул.50 лет Октября, 17А;г. Чебоксары ул. Короленко, 4б;5.0
Чувашия г.Чебоксары, проспект И.Яковлева, 2А;г. Чебоксары ул. Короленко, 4б;6.0
Чувашия г.Шумерля, ул.Карла Маркса, 32;г.Шумерля, ул. Ленина, 17В;0.0
Чувашия г.Чебоксары, ул. Болгарстроя, 9/11;г. Чебоксары ул. Короленко, 4б;11.0
Чувашия с.Порецкое, ул.Ульянова, 36;г.Шумерля, ул. Ленина, 17В;45.0
Чувашия г.Чебоксары, проспект Тракторостроителей, 35А;г. Чебоксары ул. Короленко, 4б;9.0
Чувашия с.Аликово, ул.Советская, 5;г.Ядрин, ул.Карла Маркса, 20;50.0
Чувашия г.Чебоксары, проспект Московский, 40;г. Чебоксары ул. Короленко, 4б;33.0
Чувашия с.Красные Четаи, ул.Новая, 12;г.Ядрин, ул.Карла Маркса, 20;33.0
Чувашия г.Чебоксары, ул. Николаева, д. 3;г. Чебоксары ул. Короленко, 4б;41.0
Чувашия г.Алатырь, ул.Богдана Хмельницкого, 29;г.Шумерля, ул. Ленина, 17В;95.0
Чувашия г.Чебоксары, ул.Гагарина, 27;г. Чебоксары ул. Короленко, 4б;20.0
Чувашия г.Чебоксары, ул.С.Михайлова, 1;г. Чебоксары ул. Короленко, 4б;27.0
Чувашия г.Чебоксары, проспект М.Горького, 32/25;г. Чебоксары ул. Короленко, 4б;44.0
Чувашия г.Чебоксары, ул.Гражданская, 83;г. Чебоксары ул. Короленко, 4б;33.0
Чувашия г.Чебоксары, ул.Матэ-Залка, 11;г. Чебоксары ул. Короленко, 4б;23.0
Чувашия г.Чебоксары, проспект 9-ой Пятилетки, 18, корп.2;г. Чебоксары ул. Короленко, 4б;38.0
Чувашия г.Цивильск, ул.Никитина, 2Б;г.Цивильск, ул.Никитина, 2Б;0.0
Чувашия г.Козловка, ул.Лобачевского, 33А;г.Цивильск, ул.Никитина, 2Б;60.0
Чувашия с.Красноармейское, переулок Комсомольский, 1;г.Цивильск, ул.Никитина, 2Б;26.0
Чувашия г.Мариинский Посад, ул.Лазо, 63;г.Цивильск, ул.Никитина, 2Б;40.0
Чувашия пгт.Урмары, ул.Советская, 9;г.Цивильск, ул.Никитина, 2Б;42.0
Чувашия г.Чебоксары, ул.Карла Маркса, 52, корп.2;г. Чебоксары ул. Короленко, 4б;2.0
Чувашия г.Чебоксары, ул.М.Павлова, 39;г. Чебоксары ул. Короленко, 4б;6.0
Чувашия с.Моргауши, ул.Ленина, 34;г. Чебоксары ул. Короленко, 4б;50.0
Чувашия г.Чебоксары, ул.Карла Маркса, 22;г. Чебоксары ул. Короленко, 4б;4.0
Чувашия с.Большой Сундырь, ул.Ленина, 55;г. Чебоксары ул. Короленко, 4б;45.0
Чувашия г.Канаш, ул.Железнодорожная, 87;г.Канаш, ул.Железнодорожная, 87;0.0
Чувашия г.Канаш, ул.Пушкина, 14;г.Канаш, ул.Железнодорожная, 87;1.0
Чувашия г.Канаш, Восточный район, 5;г.Канаш, ул.Железнодорожная, 87;3.6
Чувашия с.Янтиково, проспект Ленина, 11;г.Канаш, ул.Железнодорожная, 87;22.0
Чувашия пгт.Ибреси, ул.Маресьева, 32;г.Канаш, ул.Железнодорожная, 87;42.0
Чувашия с.Батырево, ул.Ленина,17;г.Канаш, ул.Железнодорожная, 87;57.0
Чувашия с.Шемурша, ул.Космовского, 36;г.Канаш, ул.Железнодорожная, 87;78.0
Чувашия г.Чебоксары, Московский проспект, д.3;г. Чебоксары ул. Короленко, 4б;0.0
Чувашия г.Чебоксары, Московский пр., 5;г. Чебоксары ул. Короленко, 4б;3.0
Чувашия г.Чебоксары, Эгерский бульвар, 21;г. Чебоксары ул. Короленко, 4б;8.0
Чувашия г.Чебоксары, ул.Богдана Хмельницкого, 109;г. Чебоксары ул. Короленко, 4б;3.0
Чувашия г.Чебоксары, ул.Карла Маркса, 22;г. Чебоксары ул. Короленко, 4б;4.0
Чувашия пгт.Кугеси, ул.Советская, 23;г.Новочебоксарск, ул.10 Пятилетки, 31;21.0
Чувашия г.Ядрин, ул.Карла Маркса, 20;г.Ядрин, ул.Карла Маркса, 20;0.0
Чувашия г.Алатырь, ул.Ленина, 25;г.Шумерля, ул. Ленина, 17В;100.0
Чувашия пгт.Вурнары, ул.Советская, 16;г.Канаш, ул.Железнодорожная, 87;46.0
Чувашия с.Комсомольское, ул.Советская, 1;г.Канаш, ул.Железнодорожная, 87;34.0
Чувашия с.Яльчики, ул.Иванова, 13;г.Канаш, ул.Железнодорожная, 87;71.0
Чувашия п.Новое Атлашево, ул.Парковая, 5;г.Новочебоксарск, ул.10 Пятилетки, 31;18.0
Чувашия с.Синьялы, ул.Центральная, 28;г.Чебоксары, ул. Короленко, 4б;15.0
Чувашия с.Ишаки, ул.Молодежная, 3;г.Новочебоксарск, ул.10 Пятилетки, 31;54.0
Чувашия с.Хыркасы, ул.Ресторанная, 4;г.Чебоксары, ул. Короленко, 4б;16.0
Чувашия д.Яныши, ул.Центральная, 17;г.Новочебоксарск, ул.10 Пятилетки, 31;59.0
Чувашия д.Большие Катраси, ул.Молодежная, 2, кв.3;г.Новочебоксарск, ул.10 Пятилетки, 31;37.0
Чувашия с.Большие Алгаши, ул.Площадь Первомайская, 45;г.Шумерля, ул. Ленина, 17В;22.0
Чувашия с.Ходары, ул.Шоссейная, 11;г.Шумерля, ул. Ленина, 17В;20.0
Чувашия Шумерлинский район, с.Юманай, ул.Мира, 5;г.Шумерля, ул. Ленина, 17В;28.0
Чувашия д.Торханы, ул.Октябрьская, 18;г.Шумерля, ул. Ленина, 17В;18.0
Чувашия с.Русские Алгаши, ул.Октябрьская, 8;г.Шумерля, ул. Ленина, 17В;22.0
Чувашия д.Егоркино, ул.Арискино, 40а;г.Шумерля, ул. Ленина, 17В;25.0
Чувашия с.Напольное, ул.Арлашкина, 129;г.Шумерля, ул. Ленина, 17В;53.0
Чувашия с.Никулино, ул.Николаева, 35;г.Шумерля, ул. Ленина, 17В;63.0
Чувашия с.Мишуково, ул.Северная, 2а;г.Шумерля, ул. Ленина, 17В;68.0
Чувашия с.Анастасово, ул.Анастасово-1, 2а;г.Шумерля, ул. Ленина, 17В;52.0
Чувашия с.Козловка, ул.Школьная, 200;г.Шумерля, ул. Ленина, 17В;54.0
Чувашия с.Большая Выла, ул.Кооперативная, 7;г.Ядрин, ул.Карла Маркса, 20;41.0
Чувашия с.Шумшеваши, ул.Молодежная, 72;г.Ядрин, ул.Карла Маркса, 20;40.0
Чувашия д.Нижние Мочары, ул.Садовая, 49;г.Ядрин, ул.Карла Маркса, 20;18.0
Чувашия с.Советское, ул. Советская, 43;г.Ядрин, ул.Карла Маркса, 20;27.0
Чувашия с.Николаевское, ул.Ленина, 3;г.Ядрин, ул.Карла Маркса, 20;25.0
Чувашия д.Верхние Ачаки, ул.Ленина, 42б;г.Ядрин, ул.Карла Маркса, 20;20.0
Чувашия д.Старые Тиньгеши, ул.Ленина, 5;г.Ядрин, ул.Карла Маркса, 20;27.0
Чувашия д.Старые Атаи, ул.Центральная, 165;г.Ядрин, ул.Карла Маркса, 20;44.0
Чувашия с.Пандиково, ул. Ульянова, 1;г.Ядрин, ул.Карла Маркса, 20;33.0
Чувашия д.Испуханы, ул.Новая, 2;г.Ядрин, ул.Карла Маркса, 20;23.0
Чувашия с.Атнары, ул.Молодежная, 52а;г.Ядрин, ул.Карла Маркса, 20;38.0
Чувашия п.Киря, ул.Сидорина, 8;г.Шумерля, ул. Ленина, 17В;120.0
Чувашия с.Иваньково-Ленино, ул.Пушкина, 1А;г.Шумерля, ул. Ленина, 17В;110.0
Чувашия с.Атрать, ул.Кирова, д.3;г.Шумерля, ул. Ленина, 17В;110.0
Чувашия п.Алтышево, ул.Железнодорожная, 8;г.Шумерля, ул. Ленина, 17В;110.0
Чувашия с.Стемасы, ул.Ленина, 124;г.Шумерля, ул. Ленина, 17В;100.0
Чувашия с.Кувакино, ул.Пролетарская, 18;г.Шумерля, ул. Ленина, 17В;93.0
Чувашия с.Междуречье, ул.50 лет Чувашской АССР, 14;г.Шумерля, ул. Ленина, 17В;78.0
Чувашия д.Малое Янгорчино, ул.Солнечная, 2/1;г.Цивильск, ул.Никитина, 2Б;14.0
Чувашия с.Богатырево, ул.Восточная, 3;г.Цивильск, ул.Никитина, 2Б;17.0
Чувашия д.Тувси, ул.Октября, 5;г.Цивильск, ул.Никитина, 2Б;9.0
Чувашия п.Опытный, ул.Центральная, 2;г.Цивильск, ул.Никитина, 2Б;0.0
Чувашия с.Чурачики, ул.Ленина, 19;г.Цивильск, ул.Никитина, 2Б;18.0
Чувашия п.Конар, ул.Нефтяников, 14а;г.Цивильск, ул.Никитина, 2Б;20.0
Чувашия Козловский район, станция Тюрлема, ул.Ленина, 11;г.Цивильск, ул.Никитина, 2Б;55.0
Чувашия с.Карамышево, ул.Октябрьская, 23;г.Цивильск, ул.Никитина, 2Б;57.0
Чувашия д.Солдыбаево, ул.Новая, 1;г.Цивильск, ул.Никитина, 2Б;57.0
Чувашия д.Еметкино, ул.Братьев Шулаевых, 2;г.Цивильск, ул.Никитина, 2Б;42.0
Чувашия д.Яншихово-Челлы, ул.Учительская, 1;г.Цивильск, ул.Никитина, 2Б;25.0
Чувашия д.Кожары, ул.Гаражная, 1;г.Цивильск, ул.Никитина, 2Б;45.0
Чувашия д.Чадукасы, ул.40 лет Победы, 3;г.Цивильск, ул.Никитина, 2Б;39.0
Чувашия д.Пикшики, ул.Восточная, 2;г.Цивильск, ул.Никитина, 2Б;42.0
Чувашия с.Шоршелы, ул.30 лет Победы, 18;г.Цивильск, ул.Никитина, 2Б;31.0
Чувашия с.Октябрьское, ул.Советская, 15;г.Цивильск, ул.Никитина, 2Б;32.0
Чувашия с.Первое Чурашево, ул.Советская, 26;г.Цивильск, ул.Никитина, 2Б;24.0
Чувашия д.Эльбарусово, ул.Центральная, 7;г.Цивильск, ул.Никитина, 2Б;32.0
Чувашия д.Карабаши, ул.Центральная, 5;г.Цивильск, ул.Никитина, 2Б;41.0
Чувашия д.Большое Шигаево, ул.Центральная, 4;г.Цивильск, ул.Никитина, 2Б;30.0
Чувашия д.Аксарино, ул.Центральная Усадьба, 11;г.Цивильск, ул.Никитина, 2Б;37.0
Чувашия д.Ковали, ул.Исаев Метри, 3;г.Цивильск, ул.Никитина, 2Б;50.0
Чувашия д.Большое Яниково, ул.К.Маркса, 96а;г.Цивильск, ул.Никитина, 2Б;30.0
Чувашия д.Шоркистры, ул.Совхозная, 6;г.Цивильск, ул.Никитина, 2Б;44.0
Чувашия с.Шигали, ул.Ленина, 28;г.Цивильск, ул.Никитина, 2Б;58.0
Чувашия д.Челкасы, ул.К.Маркса, 57;г.Цивильск, ул.Никитина, 2Б;37.0
Чувашия с.Янгличи, ул.Ленина, 73;г.Канаш, ул.Железнодорожная, 87;22.9
Чувашия с.Шибылги, ул.Павлова, 33;г.Канаш, ул.Железнодорожная, 87;18.3
Чувашия с.Вутабоси, ул.Восточная, 23;г.Канаш, ул.Железнодорожная, 87;13.9
Чувашия с.Юськасы, ул.Новая, 1;г.Ядрин, ул.Карла Маркса, 20;52.0
Чувашия д.Кошноруй, ул.Ленина, 35;г.Канаш, ул.Железнодорожная, 87;22.9
Чувашия д.Новые Шальтямы, ул.Спортивная, 2;г.Канаш, ул.Железнодорожная, 87;27.1
Чувашия д.Напольные Котяки, ул.Советская, 134;г.Канаш, ул.Железнодорожная, 87;22.6
Чувашия с.Тобурданово, ул.Пушкина, 56;г.Канаш, ул.Железнодорожная, 87;23.5
Чувашия с.Можарки, ул.Ленина, 33;г.Канаш, ул.Железнодорожная, 87;31.3
Чувашия с.Турмыши, ул.Советская, 14;г.Канаш, ул.Железнодорожная, 87;13.5
Чувашия с.Шимкусы, ул.Коммунистическая, 2;г.Канаш, ул.Железнодорожная, 87;35.6
Чувашия с.Чутеево, ул.Лесная, 37;г.Канаш, ул.Железнодорожная, 87;37.5
Чувашия Чувашская , с.Моргауши, ул.Ленина, д.34;г. Чебоксары ул. Короленко, 4б;50.0
Чувашия с.Яншихово-Норваши, ул.Школьная, 17;г.Канаш, ул.Железнодорожная, 87;18.1
Чувашия д.Тюмерево, ул.Калинина, 4;г.Канаш, ул.Железнодорожная, 87;30.2
Чувашия с.Калинино, ул.Ленина, 12;г.Канаш, ул.Железнодорожная, 87;46.8
Чувашия с.Янгорчино, ул.Советская, 2а;г.Канаш, ул.Железнодорожная, 87;50.3
Чувашия Вурнарский район, д.Тузи-Сярмус, ул.Школьная, 32;г.Канаш, ул.Железнодорожная, 87;31.4
Чувашия д.Ермошкино, ул.Школьная, 37;г.Канаш, ул.Железнодорожная, 87;56.1
Чувашия д.Большие Яуши, ул.Коммунальная, 9;г.Канаш, ул.Железнодорожная, 87;39.3
Чувашия с.Шихазаны, ул.Генерала Михайлова, 21;г.Канаш, ул.Железнодорожная, 87;9.3
Чувашия пгт.Буинск, ул.Ленина, 27;г.Канаш, ул.Железнодорожная, 87;57.0
Чувашия с.Климово, ул.Школьная, 16;г.Канаш, ул.Железнодорожная, 87;27.1
Чувашия с.Малые Кармалы, ул.Школьная, 5;г.Канаш, ул.Железнодорожная, 87;42.0
Чувашия с.Чувашские Тимяши, ул.Школьная, 4;г.Канаш, ул.Железнодорожная, 87;53.1
Чувашия д.Айбечи, ул.Центральная, 31;г.Канаш, ул.Железнодорожная, 87;29.0
Чувашия д.Средние Кибечи, ул.Гагарина, 4;г.Канаш, ул.Железнодорожная, 87;24.0
Чувашия д.Полевые Бикшики, ул.Административный центр, 2;г.Канаш, ул.Железнодорожная, 87;69.6
Чувашия с.Тойси, ул.Учительская, 8;г.Канаш, ул.Железнодорожная, 87;69.8
Чувашия с.Юнга, ул.Центральная, 38;г.Ядрин, ул.Карла Маркса, 20;58.8
Чувашия с.Шыгырдан, ул.Ленина, 37;г.Канаш, ул.Железнодорожная, 87;58.8
Чувашия с.Сугуты, ул.Советская, 1;г.Канаш, ул.Железнодорожная, 87;67.4
Чувашия с.Первомайское, ул.Ворошилова, 16;г.Канаш, ул.Железнодорожная, 87;74.2
Чувашия с.Тарханы, ул.Кокеля, 23;г.Канаш, ул.Железнодорожная, 87;77.5
Чувашия с.Алманчиково, ул.Центральная, 2;г.Канаш, ул.Железнодорожная, 87;79.9
Чувашия д.Новочелны Сюрбеево, ул.Центральная, 1Б;г.Канаш, ул.Железнодорожная, 87;45.2
Чувашия д.Новые Мураты, ул.Школьная, 1;г.Канаш, ул.Железнодорожная, 87;55.1
Чувашия с.Шерауты, ул.Больничная, 19;г.Канаш, ул.Железнодорожная, 87;56.5
Чувашия д.Александровка, ул.Комсомольская, 176;г.Канаш, ул.Железнодорожная, 87;36.0
Чувашия д.Ярославка, ул.Центральная, 6;г.Ядрин, ул.Карла Маркса, 20;44.0
Чувашия с.Бичурга-Баишево, ул.Ленина, 26;г.Канаш, ул.Железнодорожная, 87;100.4
Чувашия с.Трехбалтаево, ул.Школьная, 36;г.Канаш, ул.Железнодорожная, 87;89.4
Чувашия д.Старые Чукалы, ул.Комсомольская, 79;г.Канаш, ул.Железнодорожная, 87;113.5
Чувашия с.Чепкас-Никольское, ул.Чапаева, 24;г.Канаш, ул.Железнодорожная, 87;99.0
Чувашия д.Карабай-Шемурша, ул.Школьная, 19;г.Канаш, ул.Железнодорожная, 87;67.8
Чувашия с.Лащ-Таяба, ул.Почтовая, 7;г.Канаш, ул.Железнодорожная, 87;90.1
Чувашия с.Сабанчино, ул.Центральная, 100;г.Канаш, ул.Железнодорожная, 87;79.0
Чувашия Чувашская , с.Моргауши, ул.Ленина, д.34;г. Чебоксары ул. Короленко, 4б;50.0
Чувашия д.Кильдюшево, ул.40 лет Победы, 20;г.Канаш, ул.Железнодорожная, 87;55.0
Чувашия Яльчикский район, с. Янтиково, ул. Школьная,1;г.Канаш, ул.Железнодорожная, 87;78.2
Чувашия д.Шемалаково, ул.Пионерская, 17;г.Канаш, ул.Железнодорожная, 87;85.9
Чувашия д.Малая Таяба, ул.Новая, 12;г.Канаш, ул.Железнодорожная, 87;67.6
Чувашия с.Новые Шимкуссы, ул.Центральная, 126;г.Канаш, ул.Железнодорожная, 87;87.3
Чувашия д.Анаткасы, ул.Колхозная, 1;г.Ядрин, ул.Карла Маркса, 20;27.0
Чувашия г.Шумерля, ул.Ленина, 17в;г.Шумерля, ул. Ленина, 17В;0.0
Чувашия г. Чебоксары, ул. Короленко, д. 4Б;г. Чебоксары ул. Короленко, 4б;0.0
Чувашия г.Шумерля, ул. Ленина, 17в;г.Шумерля, ул. Ленина, 17В;0.0
Марий Эл г.Волжск, ул.Ленина, 18-А;Марий Эл г.Волжск, ул.Шестакова, 13;4.0
Марий Эл г.Волжск, ул.Кузьмина, д. 22;Марий Эл г.Волжск, ул.Шестакова, 13;2.0
Марий Эл г.Волжск, ул.Шестакова, 13;Марий Эл г.Волжск, ул.Шестакова, 13;0.0
Марий Эл г.Звенигово, ул.Ленина, 9;Марий Эл г.Волжск, ул.Шестакова, 13;40.0
Марий Эл пгт. Красногорский, ул. Центральная, 49;Марий Эл г.Волжск, ул.Шестакова, 13;40.0
Марий Эл г. Йошкар-Ола, ул. Яналова, 3а;Марий Эл г.Йошкар-Ола, ул. Карла Маркса, д. 109 Б;3.0
Марий Эл г.Йошкар-Ола, ул.Подольских Курсантов, 19;Марий Эл г.Йошкар-Ола, ул. Карла Маркса, д. 109 Б;6.0
Марий Эл г.Йошкар-Ола, ул. Пролетарская, д. 44;Марий Эл г.Йошкар-Ола, ул. Карла Маркса, д. 109 Б;5.0
Марий Эл г.Йошкар-Ола, ул.Й.Кырли, 46;Марий Эл г.Йошкар-Ола, ул. Карла Маркса, д. 109 Б;6.0
Марий Эл г.Йошкар-Ола, Ленинский проспект, 24;Марий Эл г.Йошкар-Ола, ул. Карла Маркса, д. 109 Б;3.0
Марий Эл г. Йошкар-Ола, бул. Чавайна, 16;Марий Эл г.Йошкар-Ола, ул. Карла Маркса, д. 109 Б;3.0
Марий Эл г.Йошкар-Ола, ул.Красноармейская, 40;Марий Эл г.Йошкар-Ола, ул. Карла Маркса, д. 109 Б;4.0
Марий Эл г.Йошкар-Ола, ул.Свердлова, д. 54;Марий Эл г.Йошкар-Ола, ул. Карла Маркса, д. 109 Б;5.0
Марий Эл пгт.Юрино, ул.Кооперативная, 1;Марий Эл пгт.Юрино, ул.Кооперативная, 1;0.0
Марий Эл г.Козьмодемьянск, ул.Бульвар Космонавтов, 5;Марий Эл  г.Козьмодемьянск, квартал Маслозавода, 1;0.0
Марий Эл г.Йошкар-Ола, ул.Анникова, 2;Марий Эл г.Йошкар-Ола, ул. Карла Маркса, д. 109 Б;6.0
Марий Эл пгт.Советский, ул.Свердлова, 9;Марий Эл пгт.Куженер, ул.К.Маркса, 7;32.0
Марий Эл пгт.Медведево, ул. Медведево, д. 34;Марий Эл г.Йошкар-Ола, ул. Карла Маркса, д. 109 Б;10.0
Марий Эл пгт.Оршанка, ул.Пограничная, 19;Марий Эл г.Йошкар-Ола, ул. Карла Маркса, д. 109 Б;36.0
Марий Эл пгт.Килемары, ул.Горького, 14;Марий Эл г.Йошкар-Ола, ул. Карла Маркса, д. 109 Б;83.0
Марий Эл пгт.Медведево, ул.Коммунистическая, 8;Марий Эл г.Йошкар-Ола, ул. Карла Маркса, д. 109 Б;8.0
Марий Эл г.Йошкар-Ола, ул.Комсомольская, д. 118;Марий Эл г.Йошкар-Ола, ул. Карла Маркса, д. 109 Б;4.0
Марий Эл г.Йошкар-Ола, ул.Пушкина, 30;Марий Эл г.Йошкар-Ола, ул. Карла Маркса, д. 109 Б;3.0
Марий Эл пгт.Новый Торъял, ул.Советская, 43Б;Марий Эл пгт.Куженер, ул.К.Маркса, 7;36.0
Марий Эл пгт.Мари-Турек, ул.Октябрьская, 21;Марий Эл пгт.Куженер, ул.К.Маркса, 7;60.0
Марий Эл г.Йошкар-Ола, ул.В.Интернационалистов 21А;Марий Эл г.Йошкар-Ола, ул. Карла Маркса, д. 109 Б;5.0
Марий Эл пгт.Куженер, ул.К.Маркса, 7;Марий Эл пгт.Куженер, ул.К.Маркса, 7;0.0
Марий Эл пгт.Параньга, ул.Гагарина, 5А;Марий Эл пгт.Куженер, ул.К.Маркса, 7;41.0
Марий Эл г.Йошкар-Ола, ул. Карла Маркса, д. 109 Б;Марий Эл г.Йошкар-Ола, ул. Карла Маркса, д. 109 Б;0.0
Марий Эл г.Йошкар-Ола, ул.Карла Маркса, 109б;Марий Эл г.Йошкар-Ола, ул. Карла Маркса, д. 109 Б;0.0
Марий Эл г.Йошкар-Ола, Ленинский проспект, 68;Марий Эл г.Йошкар-Ола, ул. Карла Маркса, д. 109 Б;4.0
Марий Эл г.Йошкар-Ола, ул.Карла Либкнехта, 80А;Марий Эл г.Йошкар-Ола, ул. Карла Маркса, д. 109 Б;6.0
Марий Эл г.Йошкар-Ола, ул.Героев Сталинградской битвы, д. 29;Марий Эл г.Йошкар-Ола, ул. Карла Маркса, д. 109 Б;7.0
Марий Эл г.Козьмодемьянск, ул.Учебная, 4а;Марий Эл  г.Козьмодемьянск, квартал Маслозавода, 1;1.0
Марий Эл пгт.Морки, ул.Карла Маркса, 2А;Марий Эл пгт.Куженер, ул.К.Маркса, 7;110.0
Марий Эл пгт.Сернур, ул.Коммунистическая, 91;Марий Эл пгт.Куженер, ул.К.Маркса, 7;25.0
Марий Эл п.Сурок, ул.Спортивная, 15;Марий Эл г.Йошкар-Ола, ул. Карла Маркса, д. 109 Б;36.0
Марий Эл с.Сотнур, ул.Больничная, 18;Марий Эл г.Волжск, ул.Шестакова, 13;52.0
Марий Эл пгт.Приволжский, ул.Первомайская, 7;Марий Эл г.Волжск, ул.Шестакова, 13;16.0
Марий Эл пгт.Суслонгер, ул.Железнодорожная, 60;Марий Эл г.Волжск, ул.Шестакова, 13;58.0
Марий Эл п.Силикатный, ул.Мира, 37;Марий Эл г.Йошкар-Ола, ул. Карла Маркса, д. 109 Б;42.0
Марий Эл с.Семеновка, ул.Советская, 10 А;Марий Эл г.Йошкар-Ола, ул. Карла Маркса, д. 109 Б;8.0
Марий Эл с.Еласы;Марий Эл  г.Козьмодемьянск, квартал Маслозавода, 1;27.0
Марий Эл с.Виловатово;Марий Эл  г.Козьмодемьянск, квартал Маслозавода, 1;21.0
Марий Эл с.Михайловка;Марий Эл пгт.Куженер, ул.К.Маркса, 7;53.0
Марий Эл п.Солнечный;Марий Эл пгт.Куженер, ул.К.Маркса, 7;56.0
Марий Эл пгт.Краснооктябрьский, ул.Фабричная, 18;Марий Эл г.Йошкар-Ола, ул. Карла Маркса, д. 109 Б;21.0
Марий Эл с.Кузнецово, ул.Мира, 1;Марий Эл г.Йошкар-Ола, ул. Карла Маркса, д. 109 Б;18.0
Марий Эл д.Люльпаны, ул.Новая, 2;Марий Эл г.Йошкар-Ола, ул. Карла Маркса, д. 109 Б;28.0
Марий Эл п.Визимьяры, ул.Советская, 35а;Марий Эл г.Йошкар-Ола, ул. Карла Маркса, д. 109 Б;71.0
Марий Эл п.Красный Стекловар, ул.Советская, 2;Марий Эл г.Волжск, ул.Шестакова, 13;68.0
Марий Эл с.Казанское;Марий Эл пгт.Куженер, ул.К.Маркса, 7;49.0
Марий Эл с.Пектубаево;Марий Эл пгт.Куженер, ул.К.Маркса, 7;59.0
Марий Эл с.Мари-Билямор;Марий Эл пгт.Куженер, ул.К.Маркса, 7;80.0
Марий Эл д.Большой Карлыган;Марий Эл пгт.Куженер, ул.К.Маркса, 7;100.0
Марий Эл п.Мариец, ул.Клубная, 1;Марий Эл пгт.Куженер, ул.К.Маркса, 7;100.0
Марий Эл г.Йошкар-Ола, ул.Карла Маркса, 109 Б;Марий Эл г.Йошкар-Ола, ул. Карла Маркса, д. 109 Б;0.0
Марий Эл г.Йошкар-Ола, ул.Карла Маркса, 109б;Марий Эл г.Йошкар-Ола, ул. Карла Маркса, д. 109 Б;0.0